{
  "placeholderImages": [
    {
      "id": "hero-banner",
      "description": "Mascot for Secoder, an octopus in a suit.",
      "imageUrl": "https://picsum.photos/seed/octopus-hero/800/800",
      "imageHint": "mascot illustration"
    },
    {
      "id": "tool-1",
      "description": "Illustration for Real-Time Monitoring tool.",
      "imageUrl": "https://picsum.photos/seed/tool1/600/600",
      "imageHint": "network server"
    },
    {
      "id": "tool-2",
      "description": "Illustration for Vulnerability Scanner tool.",
      "imageUrl": "https://picsum.photos/seed/tool2/600/600",
      "imageHint": "security code"
    },
    {
      "id": "tool-3",
      "description": "Illustration for Phishing Simulator tool.",
      "imageUrl": "https://picsum.photos/seed/tool3/600/600",
      "imageHint": "phishing email"
    },
    {
      "id": "tool-4",
      "description": "Illustration for FAQ Knowledge Base tool.",
      "imageUrl": "https://picsum.photos/seed/tool4/600/600",
      "imageHint": "knowledge base"
    },
    {
      "id": "specialty-1",
      "description": "Placeholder logo for a certification.",
      "imageUrl": "https://picsum.photos/seed/logo1/300/150?grayscale",
      "imageHint": "company logo"
    },
    {
      "id": "specialty-2",
      "description": "Placeholder logo for a certification.",
      "imageUrl": "https://picsum.photos/seed/logo2/300/150?grayscale",
      "imageHint": "company logo"
    },
    {
      "id": "specialty-3",
      "description": "Placeholder logo for a certification.",
      "imageUrl": "https://picsum.photos/seed/logo3/300/150?grayscale",
      "imageHint": "company logo"
    },
    {
      "id": "specialty-4",
      "description": "Placeholder logo for a certification.",
      "imageUrl": "https://picsum.photos/seed/logo4/300/150?grayscale",
      "imageHint": "company logo"
    },
    {
      "id": "specialty-5",
      "description": "Placeholder logo for a certification.",
      "imageUrl": "https://picsum.photos/seed/logo5/300/150?grayscale",
      "imageHint": "company logo"
    }
  ]
}